epoch,train_loss,train_acc,val_loss,val_macro_f1,val_top1,lr,epoch_time_s
1,0.8861558495498285,0.6990282012195121,0.5817892942997906,0.6949659789812802,0.7986289631533847,9.858827788112195e-05,54.556949853897095
2,0.4560129119128716,0.8391768292682927,0.38326310364902444,0.8179640432999093,0.8657526421022566,9.382773371381985e-05,27.85870885848999
3,0.335344919344274,0.8826219512195121,0.3654297130920314,0.8294954912072787,0.8731790916880892,8.603152326443261e-05,29.052730798721313
4,0.28646255120998476,0.9009146341463414,0.34356612734064584,0.8420176878806679,0.8866038274778635,7.573964007549155e-05,29.53088879585266
5,0.21689487085109804,0.9242568597560976,0.2973146330659916,0.866664082481967,0.9037417880605542,6.366493694882829e-05,29.88944911956787
6,0.17640304565429688,0.9392149390243902,0.2835238598706347,0.8727391999962973,0.9094544415881177,5.064375119969491e-05,29.770436763763428
7,0.13529047151891196,0.9523628048780488,0.2527215440114612,0.889590021774812,0.9191659525849757,3.7577976929883604e-05,30.02685523033142
8,0.1048433838821039,0.9650342987804879,0.2526810081583607,0.8998170726465664,0.9248786061125392,2.5372596602306786e-05,30.042377471923828
9,0.08529082158716714,0.9708460365853658,0.23528626225984495,0.9105711992385817,0.9343044844330192,1.4872998704591551e-05,30.086522817611694
10,0.05760033537701863,0.9816120426829268,0.23497562957419493,0.9071737219361383,0.9314481576692374,6.806423105485577e-06,30.197567462921143
11,0.05074783069331471,0.983422256097561,0.2274484172361267,0.9133273589035666,0.9354470151385319,1.7315898090390747e-06,29.972845315933228
12,0.04792675448627007,0.9848513719512195,0.22749284301373454,0.9170674167684757,0.9377320765495573,0.0,29.980329036712646
